requestId,acquire_locks_start,acquire_locks_end,processing_start,processing_end,consistency_protocol_start,consistency_protocol_end,commit_start,commit_end,lock_duration,processing_duration,consistency_duration,commit_duration,consistency_preprocessing_start,consistency_preprocessing_end,consistency_preprocessing_duration,consistency_compute_ack_records_start,consistency_compute_ack_records_end,consistency_compute_ack_records_start_duration,consistency_join_deployments_start,consistency_join_deployments_end,consistency_join_deployments_duration,consistency_subscribe_ack_events_start,consistency_subscribe_ack_events_end,consistency_subscribe_ack_events_duration,consistency_write_acks_start,consistency_write_acks_end,consistency_write_acks_duration,consistency_issue_invalidations_start,consistency_issue_invalidations_end,consistency_issue_invalidations_duration,consistency_early_unsubscribe_start,consistency_early_unsubscribe_end,consistency_early_unsubscribe_duration,consistency_wait_for_acks_start,consistency_wait_for_acks_end,consistency_wait_for_acks_duration,consistency_clean_up_start,consistency_clean_up_end,consistency_clean_up_duration,transactionStart,transactionEnd,transactionId,success
UNKNOWN,1646931789461,1646931789462,1646931789462,1646931789462,1646931789462,1646931789462,1646931789462,1646931789463,1,0,0,1,0,0,0,0,0,0,0,0,0,0,0,0,0,0,0,0,0,0,0,0,0,0,0,0,0,0,0,1646931789461,1646931789463,1868121526270967871,true
UNKNOWN,1646931789411,1646931789412,1646931789412,1646931789412,1646931789412,1646931789412,1646931789412,1646931789413,1,0,0,1,0,0,0,0,0,0,0,0,0,0,0,0,0,0,0,0,0,0,0,0,0,0,0,0,0,0,0,1646931789411,1646931789413,525740761515576247,true
UNKNOWN,1646931784417,1646931784418,1646931784418,1646931784418,1646931784418,1646931784418,1646931784418,1646931784419,1,0,0,1,0,0,0,0,0,0,0,0,0,0,0,0,0,0,0,0,0,0,0,0,0,0,0,0,0,0,0,1646931784417,1646931784419,4338324103744539697,true
UNKNOWN,1646931784419,1646931784420,1646931784420,1646931784420,1646931784420,1646931784421,1646931784421,1646931784421,1,0,1,0,0,0,0,0,0,0,0,0,0,0,0,0,0,0,0,0,0,0,0,0,0,0,0,0,0,0,0,1646931784419,1646931784421,8917322156704548092,true
UNKNOWN,1646931789724,1646931789725,1646931789725,1646931789725,1646931789725,1646931789726,1646931789726,1646931789726,1,0,1,0,0,0,0,0,0,0,0,0,0,0,0,0,0,0,0,0,0,0,0,0,0,0,0,0,0,0,0,1646931789724,1646931789726,1098918763963501106,true
UNKNOWN,1646931784427,1646931784428,1646931784428,1646931784428,1646931784428,1646931784429,1646931784429,1646931784429,1,0,1,0,0,0,0,0,0,0,0,0,0,0,0,0,0,0,0,0,0,0,0,0,0,0,0,0,0,0,0,1646931784427,1646931784429,1157368376184883530,true
UNKNOWN,1646931784429,1646931784430,1646931784430,1646931784430,1646931784430,1646931784430,1646931784430,1646931784431,1,0,0,1,0,0,0,0,0,0,0,0,0,0,0,0,0,0,0,0,0,0,0,0,0,0,0,0,0,0,0,1646931784429,1646931784431,7844032766046260643,true
UNKNOWN,1646931789730,1646931789731,1646931789731,1646931789731,1646931789731,1646931789731,1646931789731,1646931789731,1,0,0,0,0,0,0,0,0,0,0,0,0,0,0,0,0,0,0,0,0,0,0,0,0,0,0,0,0,0,0,1646931789730,1646931789731,6173268422117443763,true
UNKNOWN,1646931789385,1646931789387,1646931789387,1646931789387,1646931789387,1646931789387,1646931789387,1646931789387,2,0,0,0,0,0,0,0,0,0,0,0,0,0,0,0,0,0,0,0,0,0,0,0,0,0,0,0,0,0,0,1646931789385,1646931789387,8015057998912045376,true
UNKNOWN,1646931790006,1646931790007,1646931790007,1646931790007,1646931790007,1646931790007,1646931790007,1646931790008,1,0,0,1,0,0,0,0,0,0,0,0,0,0,0,0,0,0,0,0,0,0,0,0,0,0,0,0,0,0,0,1646931790005,1646931790008,5262337784673092061,true
UNKNOWN,1646931789921,1646931789922,1646931789922,1646931789922,1646931789922,1646931789922,1646931789922,1646931789922,1,0,0,0,0,0,0,0,0,0,0,0,0,0,0,0,0,0,0,0,0,0,0,0,0,0,0,0,0,0,0,1646931789921,1646931789922,884054049485179045,true
UNKNOWN,1646931789651,1646931789652,1646931789652,1646931789652,1646931789652,1646931789653,1646931789653,1646931789653,1,0,1,0,0,0,0,0,0,0,0,0,0,0,0,0,0,0,0,0,0,0,0,0,0,0,0,0,0,0,0,1646931789651,1646931789653,8233783383066167154,true
UNKNOWN,1646931790043,1646931790044,1646931790044,1646931790044,1646931790044,1646931790044,1646931790044,1646931790045,1,0,0,1,0,0,0,0,0,0,0,0,0,0,0,0,0,0,0,0,0,0,0,0,0,0,0,0,0,0,0,1646931790043,1646931790045,7755999724131863345,true
UNKNOWN,1646931790107,1646931790108,1646931790108,1646931790108,1646931790108,1646931790108,1646931790108,1646931790108,1,0,0,0,0,0,0,0,0,0,0,0,0,0,0,0,0,0,0,0,0,0,0,0,0,0,0,0,0,0,0,1646931790107,1646931790108,3528262253624508630,true
UNKNOWN,1646931789810,1646931789811,1646931789811,1646931789811,1646931789811,1646931789811,1646931789811,1646931789811,1,0,0,0,0,0,0,0,0,0,0,0,0,0,0,0,0,0,0,0,0,0,0,0,0,0,0,0,0,0,0,1646931789810,1646931789811,7064668126529081130,true
UNKNOWN,1646931789941,1646931789942,1646931789942,1646931789943,1646931789943,1646931789943,1646931789943,1646931789943,1,1,0,0,0,0,0,0,0,0,0,0,0,0,0,0,0,0,0,0,0,0,0,0,0,0,0,0,0,0,0,1646931789941,1646931789943,2679672822491270642,true
UNKNOWN,1646931789868,1646931789869,1646931789869,1646931789869,1646931789869,1646931789905,1646931789905,1646931789906,1,0,36,1,0,0,0,0,0,0,0,0,0,0,0,0,0,0,0,0,0,0,0,0,0,0,0,0,0,0,0,1646931789868,1646931789906,2327401545338079715,true
UNKNOWN,1646931788761,1646931788762,1646931788762,1646931788762,1646931788762,1646931788762,1646931788762,1646931788763,1,0,0,1,0,0,0,0,0,0,0,0,0,0,0,0,0,0,0,0,0,0,0,0,0,0,0,0,0,0,0,1646931788761,1646931788763,7230460129060081174,true
UNKNOWN,1646931789927,1646931789928,1646931789928,1646931789928,1646931789928,1646931789928,1646931789928,1646931789929,1,0,0,1,0,0,0,0,0,0,0,0,0,0,0,0,0,0,0,0,0,0,0,0,0,0,0,0,0,0,0,1646931789927,1646931789929,5310365244732295032,true
UNKNOWN,1646931789563,1646931789606,1646931789606,1646931789607,1646931789607,1646931789607,1646931789607,1646931789608,43,1,0,1,0,0,0,0,0,0,0,0,0,0,0,0,0,0,0,0,0,0,0,0,0,0,0,0,0,0,0,1646931789563,1646931789608,7472212920901323230,true
UNKNOWN,1646931789392,1646931789393,1646931789393,1646931789393,1646931789393,1646931789394,1646931789394,1646931789394,1,0,1,0,0,0,0,0,0,0,0,0,0,0,0,0,0,0,0,0,0,0,0,0,0,0,0,0,0,0,0,1646931789392,1646931789394,4608790593786498360,true
UNKNOWN,1646931789484,1646931789485,1646931789485,1646931789485,1646931789485,1646931789485,1646931789485,1646931789486,1,0,0,1,0,0,0,0,0,0,0,0,0,0,0,0,0,0,0,0,0,0,0,0,0,0,0,0,0,0,0,1646931789482,1646931789486,7099607463144734796,true
UNKNOWN,1646931789839,1646931789840,1646931789840,1646931789840,1646931789840,1646931789840,1646931789840,1646931789840,1,0,0,0,0,0,0,0,0,0,0,0,0,0,0,0,0,0,0,0,0,0,0,0,0,0,0,0,0,0,0,1646931789839,1646931789840,170946522965229885,true
UNKNOWN,1646931789458,1646931789459,1646931789459,1646931789459,1646931789459,1646931789459,1646931789459,1646931789460,1,0,0,1,0,0,0,0,0,0,0,0,0,0,0,0,0,0,0,0,0,0,0,0,0,0,0,0,0,0,0,1646931789458,1646931789460,9091643129123064194,true
UNKNOWN,1646931790048,1646931790049,1646931790049,1646931790050,1646931790050,1646931790050,1646931790050,1646931790050,1,1,0,0,0,0,0,0,0,0,0,0,0,0,0,0,0,0,0,0,0,0,0,0,0,0,0,0,0,0,0,1646931790048,1646931790050,3319351585671168705,true
UNKNOWN,1646931784616,1646931784617,1646931784617,1646931784617,1646931784617,1646931784617,1646931784617,1646931784618,1,0,0,1,0,0,0,0,0,0,0,0,0,0,0,0,0,0,0,0,0,0,0,0,0,0,0,0,0,0,0,1646931784616,1646931784618,5537251994555469620,true
UNKNOWN,1646931789455,1646931789456,1646931789456,1646931789456,1646931789456,1646931789456,1646931789456,1646931789457,1,0,0,1,0,0,0,0,0,0,0,0,0,0,0,0,0,0,0,0,0,0,0,0,0,0,0,0,0,0,0,1646931789455,1646931789457,7785023020791910129,true
UNKNOWN,1646931789525,1646931789526,1646931789526,1646931789526,1646931789526,1646931789527,1646931789527,1646931789527,1,0,1,0,0,0,0,0,0,0,0,0,0,0,0,0,0,0,0,0,0,0,0,0,0,0,0,0,0,0,0,1646931789525,1646931789527,3266039956534480030,true
UNKNOWN,1646931784455,1646931784456,1646931784456,1646931784456,1646931784456,1646931784456,1646931784456,1646931784457,1,0,0,1,0,0,0,0,0,0,0,0,0,0,0,0,0,0,0,0,0,0,0,0,0,0,0,0,0,0,0,1646931784454,1646931784457,5932381398155149935,true
UNKNOWN,1646931789865,1646931789866,1646931789866,1646931789866,1646931789866,1646931789866,1646931789866,1646931789867,1,0,0,1,0,0,0,0,0,0,0,0,0,0,0,0,0,0,0,0,0,0,0,0,0,0,0,0,0,0,0,1646931789865,1646931789867,8743476606011918615,true
UNKNOWN,1646931790067,1646931790068,1646931790068,1646931790069,1646931790069,1646931790069,1646931790069,1646931790069,1,1,0,0,0,0,0,0,0,0,0,0,0,0,0,0,0,0,0,0,0,0,0,0,0,0,0,0,0,0,0,1646931790067,1646931790069,7606742330062621920,true
UNKNOWN,1646931788820,1646931788821,1646931788821,1646931788821,1646931788821,1646931788821,1646931788821,1646931788822,1,0,0,1,0,0,0,0,0,0,0,0,0,0,0,0,0,0,0,0,0,0,0,0,0,0,0,0,0,0,0,1646931788820,1646931788822,9191248368489024654,true
UNKNOWN,1646931789513,1646931789514,1646931789514,1646931789514,1646931789514,1646931789514,1646931789514,1646931789514,1,0,0,0,0,0,0,0,0,0,0,0,0,0,0,0,0,0,0,0,0,0,0,0,0,0,0,0,0,0,0,1646931789513,1646931789514,4766073972415349884,true
UNKNOWN,1646931789414,1646931789415,1646931789415,1646931789415,1646931789415,1646931789415,1646931789415,1646931789415,1,0,0,0,0,0,0,0,0,0,0,0,0,0,0,0,0,0,0,0,0,0,0,0,0,0,0,0,0,0,0,1646931789414,1646931789415,4344559958965698835,true
UNKNOWN,1646931784540,1646931784541,1646931784541,1646931784542,1646931784542,1646931784542,1646931784542,1646931784542,1,1,0,0,0,0,0,0,0,0,0,0,0,0,0,0,0,0,0,0,0,0,0,0,0,0,0,0,0,0,0,1646931784540,1646931784542,2641663620653401884,true
UNKNOWN,1646931784576,1646931784578,1646931784578,1646931784578,1646931784578,1646931784578,1646931784578,1646931784578,2,0,0,0,0,0,0,0,0,0,0,0,0,0,0,0,0,0,0,0,0,0,0,0,0,0,0,0,0,0,0,1646931784576,1646931784578,1146936731076805438,true
UNKNOWN,1646931789807,1646931789808,1646931789808,1646931789808,1646931789808,1646931789808,1646931789808,1646931789809,1,0,0,1,0,0,0,0,0,0,0,0,0,0,0,0,0,0,0,0,0,0,0,0,0,0,0,0,0,0,0,1646931789807,1646931789809,3581127602635033252,true
UNKNOWN,1646931788739,1646931788740,1646931788740,1646931788740,1646931788740,1646931788740,1646931788740,1646931788741,1,0,0,1,0,0,0,0,0,0,0,0,0,0,0,0,0,0,0,0,0,0,0,0,0,0,0,0,0,0,0,1646931788738,1646931788741,305738854750896600,true
UNKNOWN,1646931788741,1646931788742,1646931788742,1646931788742,1646931788742,1646931788742,1646931788742,1646931788743,1,0,0,1,0,0,0,0,0,0,0,0,0,0,0,0,0,0,0,0,0,0,0,0,0,0,0,0,0,0,0,1646931788741,1646931788743,8821442847635882686,true
UNKNOWN,1646931789829,1646931789829,1646931789829,1646931789830,1646931789830,1646931789830,1646931789830,1646931789830,0,1,0,0,0,0,0,0,0,0,0,0,0,0,0,0,0,0,0,0,0,0,0,0,0,0,0,0,0,0,0,1646931789829,1646931789830,1489817232553298909,true
UNKNOWN,1646931784523,1646931784524,1646931784524,1646931784525,1646931784525,1646931784525,1646931784525,1646931784525,1,1,0,0,0,0,0,0,0,0,0,0,0,0,0,0,0,0,0,0,0,0,0,0,0,0,0,0,0,0,0,1646931784523,1646931784525,5891973729466269706,true
UNKNOWN,1646931789826,1646931789827,1646931789827,1646931789827,1646931789827,1646931789827,1646931789827,1646931789827,1,0,0,0,0,0,0,0,0,0,0,0,0,0,0,0,0,0,0,0,0,0,0,0,0,0,0,0,0,0,0,1646931789826,1646931789827,6398253537219333755,true
UNKNOWN,1646931789707,1646931789708,1646931789708,1646931789708,1646931789708,1646931789708,1646931789708,1646931789709,1,0,0,1,0,0,0,0,0,0,0,0,0,0,0,0,0,0,0,0,0,0,0,0,0,0,0,0,0,0,0,1646931789707,1646931789709,8503643913498804700,true
UNKNOWN,1646931789767,1646931789768,1646931789768,1646931789769,1646931789769,1646931789769,1646931789769,1646931789769,1,1,0,0,0,0,0,0,0,0,0,0,0,0,0,0,0,0,0,0,0,0,0,0,0,0,0,0,0,0,0,1646931789767,1646931789769,8505469743942813164,true
UNKNOWN,1646931788845,1646931788845,1646931788845,1646931788846,1646931788846,1646931788846,1646931788846,1646931788846,0,1,0,0,0,0,0,0,0,0,0,0,0,0,0,0,0,0,0,0,0,0,0,0,0,0,0,0,0,0,0,1646931788844,1646931788846,4493519953021912439,true
UNKNOWN,1646931788826,1646931788827,1646931788827,1646931788827,1646931788827,1646931788827,1646931788827,1646931788828,1,0,0,1,0,0,0,0,0,0,0,0,0,0,0,0,0,0,0,0,0,0,0,0,0,0,0,0,0,0,0,1646931788826,1646931788828,1570281362770710385,true
UNKNOWN,1646931789642,1646931789643,1646931789643,1646931789643,1646931789643,1646931789643,1646931789643,1646931789644,1,0,0,1,0,0,0,0,0,0,0,0,0,0,0,0,0,0,0,0,0,0,0,0,0,0,0,0,0,0,0,1646931789642,1646931789644,2043958827094722608,true
UNKNOWN,1646931789749,1646931789750,1646931789750,1646931789750,1646931789750,1646931789750,1646931789750,1646931789750,1,0,0,0,0,0,0,0,0,0,0,0,0,0,0,0,0,0,0,0,0,0,0,0,0,0,0,0,0,0,0,1646931789749,1646931789750,815939259122073760,true
UNKNOWN,1646931784550,1646931784551,1646931784551,1646931784551,1646931784551,1646931784552,1646931784552,1646931784552,1,0,1,0,0,0,0,0,0,0,0,0,0,0,0,0,0,0,0,0,0,0,0,0,0,0,0,0,0,0,0,1646931784550,1646931784552,4302264124348646884,true
UNKNOWN,1646931789423,1646931789424,1646931789424,1646931789425,1646931789425,1646931789425,1646931789425,1646931789425,1,1,0,0,0,0,0,0,0,0,0,0,0,0,0,0,0,0,0,0,0,0,0,0,0,0,0,0,0,0,0,1646931789423,1646931789425,6089182451382766106,true
UNKNOWN,1646931789617,1646931789618,1646931789618,1646931789618,1646931789618,1646931789619,1646931789619,1646931789619,1,0,1,0,0,0,0,0,0,0,0,0,0,0,0,0,0,0,0,0,0,0,0,0,0,0,0,0,0,0,0,1646931789617,1646931789619,8071558407070304976,true
UNKNOWN,1646931789645,1646931789646,1646931789646,1646931789646,1646931789646,1646931789646,1646931789646,1646931789647,1,0,0,1,0,0,0,0,0,0,0,0,0,0,0,0,0,0,0,0,0,0,0,0,0,0,0,0,0,0,0,1646931789645,1646931789647,8041313791047910408,true
UNKNOWN,1646931789948,1646931789949,1646931789949,1646931789949,1646931789949,1646931789949,1646931789949,1646931789950,1,0,0,1,0,0,0,0,0,0,0,0,0,0,0,0,0,0,0,0,0,0,0,0,0,0,0,0,0,0,0,1646931789948,1646931789950,4482388403706152422,true
UNKNOWN,1646931784534,1646931784535,1646931784535,1646931784535,1646931784535,1646931784535,1646931784535,1646931784535,1,0,0,0,0,0,0,0,0,0,0,0,0,0,0,0,0,0,0,0,0,0,0,0,0,0,0,0,0,0,0,1646931784534,1646931784535,469164479297700556,true
UNKNOWN,1646931789713,1646931789714,1646931789714,1646931789715,1646931789715,1646931789715,1646931789715,1646931789715,1,1,0,0,0,0,0,0,0,0,0,0,0,0,0,0,0,0,0,0,0,0,0,0,0,0,0,0,0,0,0,1646931789713,1646931789715,4179618272942770191,true
UNKNOWN,1646931789944,1646931789946,1646931789946,1646931789946,1646931789946,1646931789946,1646931789946,1646931789946,2,0,0,0,0,0,0,0,0,0,0,0,0,0,0,0,0,0,0,0,0,0,0,0,0,0,0,0,0,0,0,1646931789944,1646931789946,6149225253808917832,true
UNKNOWN,1646931789752,1646931789752,1646931789752,1646931789753,1646931789753,1646931789753,1646931789753,1646931789753,0,1,0,0,0,0,0,0,0,0,0,0,0,0,0,0,0,0,0,0,0,0,0,0,0,0,0,0,0,0,0,1646931789751,1646931789753,7846684669538225209,true
UNKNOWN,1646931784484,1646931784485,1646931784485,1646931784485,1646931784485,1646931784486,1646931784486,1646931784486,1,0,1,0,0,0,0,0,0,0,0,0,0,0,0,0,0,0,0,0,0,0,0,0,0,0,0,0,0,0,0,1646931784484,1646931784486,5660337496526244072,true
UNKNOWN,1646931788823,1646931788824,1646931788824,1646931788824,1646931788824,1646931788824,1646931788824,1646931788825,1,0,0,1,0,0,0,0,0,0,0,0,0,0,0,0,0,0,0,0,0,0,0,0,0,0,0,0,0,0,0,1646931788823,1646931788825,8384144461939689717,true
UNKNOWN,1646931784435,1646931784436,1646931784436,1646931784437,1646931784437,1646931784437,1646931784437,1646931784437,1,1,0,0,0,0,0,0,0,0,0,0,0,0,0,0,0,0,0,0,0,0,0,0,0,0,0,0,0,0,0,1646931784435,1646931784437,3191180998111874231,true
UNKNOWN,1646931784437,1646931784439,1646931784439,1646931784439,1646931784439,1646931784439,1646931784439,1646931784439,2,0,0,0,0,0,0,0,0,0,0,0,0,0,0,0,0,0,0,0,0,0,0,0,0,0,0,0,0,0,0,1646931784437,1646931784439,3050829736524333450,true
UNKNOWN,1646931790065,1646931790065,1646931790065,1646931790066,1646931790066,1646931790066,1646931790066,1646931790066,0,1,0,0,0,0,0,0,0,0,0,0,0,0,0,0,0,0,0,0,0,0,0,0,0,0,0,0,0,0,0,1646931790065,1646931790066,984060107679024264,true
UNKNOWN,1646931784563,1646931784564,1646931784564,1646931784564,1646931784564,1646931784564,1646931784564,1646931784565,1,0,0,1,0,0,0,0,0,0,0,0,0,0,0,0,0,0,0,0,0,0,0,0,0,0,0,0,0,0,0,1646931784563,1646931784565,6945532532676774622,true
UNKNOWN,1646931788841,1646931788842,1646931788842,1646931788843,1646931788843,1646931788843,1646931788843,1646931788843,1,1,0,0,0,0,0,0,0,0,0,0,0,0,0,0,0,0,0,0,0,0,0,0,0,0,0,0,0,0,0,1646931788841,1646931788843,5598336127230626297,true
UNKNOWN,1646931789789,1646931789790,1646931789790,1646931789790,1646931789790,1646931789805,1646931789805,1646931789806,1,0,15,1,0,0,0,0,0,0,0,0,0,0,0,0,0,0,0,0,0,0,0,0,0,0,0,0,0,0,0,1646931789789,1646931789806,4887046001293215345,true
UNKNOWN,1646931790025,1646931790026,1646931790026,1646931790026,1646931790026,1646931790026,1646931790026,1646931790026,1,0,0,0,0,0,0,0,0,0,0,0,0,0,0,0,0,0,0,0,0,0,0,0,0,0,0,0,0,0,0,1646931790025,1646931790026,3206187481490997609,true
UNKNOWN,1646931788749,1646931788750,1646931788750,1646931788750,1646931788750,1646931788750,1646931788750,1646931788750,1,0,0,0,0,0,0,0,0,0,0,0,0,0,0,0,0,0,0,0,0,0,0,0,0,0,0,0,0,0,0,1646931788749,1646931788750,1032957167927250816,true
UNKNOWN,1646931788747,1646931788748,1646931788748,1646931788748,1646931788748,1646931788748,1646931788748,1646931788749,1,0,0,1,0,0,0,0,0,0,0,0,0,0,0,0,0,0,0,0,0,0,0,0,0,0,0,0,0,0,0,1646931788747,1646931788749,5278901865078475754,true
UNKNOWN,1646931789924,1646931789925,1646931789925,1646931789925,1646931789925,1646931789925,1646931789925,1646931789926,1,0,0,1,0,0,0,0,0,0,0,0,0,0,0,0,0,0,0,0,0,0,0,0,0,0,0,0,0,0,0,1646931789924,1646931789926,6971941119174066827,true
UNKNOWN,1646931789765,1646931789766,1646931789766,1646931789766,1646931789766,1646931789766,1646931789766,1646931789766,1,0,0,0,0,0,0,0,0,0,0,0,0,0,0,0,0,0,0,0,0,0,0,0,0,0,0,0,0,0,0,1646931789765,1646931789766,4340267181790152300,true
UNKNOWN,1646931789938,1646931789939,1646931789939,1646931789939,1646931789939,1646931789940,1646931789940,1646931789940,1,0,1,0,0,0,0,0,0,0,0,0,0,0,0,0,0,0,0,0,0,0,0,0,0,0,0,0,0,0,0,1646931789938,1646931789940,9072198226126520709,true
UNKNOWN,1646931784619,1646931784620,1646931784620,1646931784621,1646931784621,1646931784621,1646931784621,1646931784621,1,1,0,0,0,0,0,0,0,0,0,0,0,0,0,0,0,0,0,0,0,0,0,0,0,0,0,0,0,0,0,1646931784619,1646931784621,4892181729239974244,true
UNKNOWN,1646931784471,1646931784472,1646931784472,1646931784472,1646931784472,1646931784472,1646931784472,1646931784472,1,0,0,0,0,0,0,0,0,0,0,0,0,0,0,0,0,0,0,0,0,0,0,0,0,0,0,0,0,0,0,1646931784471,1646931784472,4429269681794993093,true
UNKNOWN,1646931789478,1646931789479,1646931789479,1646931789480,1646931789480,1646931789480,1646931789480,1646931789480,1,1,0,0,0,0,0,0,0,0,0,0,0,0,0,0,0,0,0,0,0,0,0,0,0,0,0,0,0,0,0,1646931789478,1646931789480,5845409808000438223,true
UNKNOWN,1646931788829,1646931788830,1646931788830,1646931788830,1646931788830,1646931788830,1646931788830,1646931788831,1,0,0,1,0,0,0,0,0,0,0,0,0,0,0,0,0,0,0,0,0,0,0,0,0,0,0,0,0,0,0,1646931788829,1646931788831,3487512291400304562,true
UNKNOWN,1646931789446,1646931789447,1646931789447,1646931789447,1646931789447,1646931789447,1646931789447,1646931789448,1,0,0,1,0,0,0,0,0,0,0,0,0,0,0,0,0,0,0,0,0,0,0,0,0,0,0,0,0,0,0,1646931789446,1646931789448,4476862744351755269,true
UNKNOWN,1646931789775,1646931789776,1646931789776,1646931789777,1646931789777,1646931789777,1646931789777,1646931789777,1,1,0,0,0,0,0,0,0,0,0,0,0,0,0,0,0,0,0,0,0,0,0,0,0,0,0,0,0,0,0,1646931789775,1646931789777,7374480460305288573,true
UNKNOWN,1646931789836,1646931789837,1646931789837,1646931789837,1646931789838,1646931789838,1646931789838,1646931789838,1,0,0,0,0,0,0,0,0,0,0,0,0,0,0,0,0,0,0,0,0,0,0,0,0,0,0,0,0,0,0,1646931789836,1646931789838,2805005157058168048,true
UNKNOWN,1646931789464,1646931789465,1646931789465,1646931789465,1646931789465,1646931789465,1646931789465,1646931789466,1,0,0,1,0,0,0,0,0,0,0,0,0,0,0,0,0,0,0,0,0,0,0,0,0,0,0,0,0,0,0,1646931789464,1646931789466,1942102779947010047,true
UNKNOWN,1646931789735,1646931789736,1646931789736,1646931789737,1646931789737,1646931789737,1646931789737,1646931789737,1,1,0,0,0,0,0,0,0,0,0,0,0,0,0,0,0,0,0,0,0,0,0,0,0,0,0,0,0,0,0,1646931789735,1646931789737,924933569151975482,true
UNKNOWN,1646931790022,1646931790023,1646931790023,1646931790023,1646931790023,1646931790024,1646931790024,1646931790024,1,0,1,0,0,0,0,0,0,0,0,0,0,0,0,0,0,0,0,0,0,0,0,0,0,0,0,0,0,0,0,1646931790022,1646931790024,5960034855583564823,true
UNKNOWN,1646931790062,1646931790063,1646931790063,1646931790063,1646931790063,1646931790063,1646931790063,1646931790063,1,0,0,0,0,0,0,0,0,0,0,0,0,0,0,0,0,0,0,0,0,0,0,0,0,0,0,0,0,0,0,1646931790062,1646931790063,2192835601652795438,true
UNKNOWN,1646931789398,1646931789399,1646931789399,1646931789399,1646931789399,1646931789399,1646931789399,1646931789400,1,0,0,1,0,0,0,0,0,0,0,0,0,0,0,0,0,0,0,0,0,0,0,0,0,0,0,0,0,0,0,1646931789398,1646931789400,1844518183442334813,true
UNKNOWN,1646931789770,1646931789771,1646931789771,1646931789771,1646931789771,1646931789771,1646931789771,1646931789772,1,0,0,1,0,0,0,0,0,0,0,0,0,0,0,0,0,0,0,0,0,0,0,0,0,0,0,0,0,0,0,1646931789770,1646931789772,2228235438651950434,true
UNKNOWN,1646931789841,1646931789842,1646931789842,1646931789843,1646931789843,1646931789843,1646931789843,1646931789843,1,1,0,0,0,0,0,0,0,0,0,0,0,0,0,0,0,0,0,0,0,0,0,0,0,0,0,0,0,0,0,1646931789841,1646931789843,4954506082484047345,true
UNKNOWN,1646931790030,1646931790031,1646931790031,1646931790031,1646931790031,1646931790031,1646931790031,1646931790032,1,0,0,1,0,0,0,0,0,0,0,0,0,0,0,0,0,0,0,0,0,0,0,0,0,0,0,0,0,0,0,1646931790030,1646931790032,5435047008086150164,true
UNKNOWN,1646931790033,1646931790034,1646931790034,1646931790034,1646931790034,1646931790034,1646931790034,1646931790034,1,0,0,0,0,0,0,0,0,0,0,0,0,0,0,0,0,0,0,0,0,0,0,0,0,0,0,0,0,0,0,1646931790033,1646931790034,6453828667344699590,true
UNKNOWN,1646931784547,1646931784548,1646931784548,1646931784548,1646931784548,1646931784548,1646931784548,1646931784549,1,0,0,1,0,0,0,0,0,0,0,0,0,0,0,0,0,0,0,0,0,0,0,0,0,0,0,0,0,0,0,1646931784547,1646931784549,6840979752689747040,true
UNKNOWN,1646931790114,1646931790115,1646931790115,1646931790116,1646931790116,1646931790116,1646931790116,1646931790116,1,1,0,0,0,0,0,0,0,0,0,0,0,0,0,0,0,0,0,0,0,0,0,0,0,0,0,0,0,0,0,1646931790114,1646931790116,8385384511208114462,true
UNKNOWN,1646931789624,1646931789625,1646931789625,1646931789625,1646931789625,1646931789625,1646931789625,1646931789625,1,0,0,0,0,0,0,0,0,0,0,0,0,0,0,0,0,0,0,0,0,0,0,0,0,0,0,0,0,0,0,1646931789624,1646931789625,1228744126762796842,true
UNKNOWN,1646931784498,1646931784499,1646931784499,1646931784499,1646931784499,1646931784499,1646931784499,1646931784500,1,0,0,1,0,0,0,0,0,0,0,0,0,0,0,0,0,0,0,0,0,0,0,0,0,0,0,0,0,0,0,1646931784498,1646931784500,322922664987937121,true
UNKNOWN,1646931790051,1646931790052,1646931790052,1646931790052,1646931790052,1646931790052,1646931790052,1646931790053,1,0,0,1,0,0,0,0,0,0,0,0,0,0,0,0,0,0,0,0,0,0,0,0,0,0,0,0,0,0,0,1646931790051,1646931790053,1729619049790721478,true
UNKNOWN,1646931790078,1646931790079,1646931790079,1646931790079,1646931790079,1646931790105,1646931790105,1646931790106,1,0,26,1,0,0,0,0,0,0,0,0,0,0,0,0,0,0,0,0,0,0,0,0,0,0,0,0,0,0,0,1646931790078,1646931790106,787636620923586409,true
UNKNOWN,1646931784447,1646931784448,1646931784448,1646931784448,1646931784448,1646931784448,1646931784448,1646931784449,1,0,0,1,0,0,0,0,0,0,0,0,0,0,0,0,0,0,0,0,0,0,0,0,0,0,0,0,0,0,0,1646931784447,1646931784449,2395811746673280455,true
UNKNOWN,1646931789534,1646931789535,1646931789535,1646931789535,1646931789535,1646931789535,1646931789535,1646931789535,1,0,0,0,0,0,0,0,0,0,0,0,0,0,0,0,0,0,0,0,0,0,0,0,0,0,0,0,0,0,0,1646931789534,1646931789535,7195428837506500376,true
UNKNOWN,1646931789823,1646931789824,1646931789824,1646931789824,1646931789824,1646931789824,1646931789824,1646931789825,1,0,0,1,0,0,0,0,0,0,0,0,0,0,0,0,0,0,0,0,0,0,0,0,0,0,0,0,0,0,0,1646931789823,1646931789825,7554512845049646967,true
UNKNOWN,1646931789404,1646931789405,1646931789405,1646931789406,1646931789406,1646931789406,1646931789406,1646931789406,1,1,0,0,0,0,0,0,0,0,0,0,0,0,0,0,0,0,0,0,0,0,0,0,0,0,0,0,0,0,0,1646931789404,1646931789406,5429994590848762690,true
UNKNOWN,1646931789862,1646931789863,1646931789863,1646931789863,1646931789863,1646931789863,1646931789863,1646931789864,1,0,0,1,0,0,0,0,0,0,0,0,0,0,0,0,0,0,0,0,0,0,0,0,0,0,0,0,0,0,0,1646931789862,1646931789864,6484712778104786854,true
UNKNOWN,1646931789786,1646931789787,1646931789787,1646931789787,1646931789787,1646931789787,1646931789787,1646931789788,1,0,0,1,0,0,0,0,0,0,0,0,0,0,0,0,0,0,0,0,0,0,0,0,0,0,0,0,0,0,0,1646931789786,1646931789788,3153270613768095735,true
UNKNOWN,1646931789757,1646931789758,1646931789758,1646931789758,1646931789758,1646931789758,1646931789758,1646931789758,1,0,0,0,0,0,0,0,0,0,0,0,0,0,0,0,0,0,0,0,0,0,0,0,0,0,0,0,0,0,0,1646931789757,1646931789758,8378779303568163645,true
UNKNOWN,1646931789781,1646931789782,1646931789782,1646931789782,1646931789782,1646931789782,1646931789782,1646931789782,1,0,0,0,0,0,0,0,0,0,0,0,0,0,0,0,0,0,0,0,0,0,0,0,0,0,0,0,0,0,0,1646931789781,1646931789783,5492148878479412868,true
UNKNOWN,1646931788779,1646931788780,1646931788780,1646931788781,1646931788781,1646931788781,1646931788781,1646931788781,1,1,0,0,0,0,0,0,0,0,0,0,0,0,0,0,0,0,0,0,0,0,0,0,0,0,0,0,0,0,0,1646931788779,1646931788781,424615557689132775,true
UNKNOWN,1646931789930,1646931789931,1646931789931,1646931789931,1646931789931,1646931789931,1646931789931,1646931789931,1,0,0,0,0,0,0,0,0,0,0,0,0,0,0,0,0,0,0,0,0,0,0,0,0,0,0,0,0,0,0,1646931789930,1646931789931,2795032945408036838,true
UNKNOWN,1646931789778,1646931789779,1646931789779,1646931789779,1646931789779,1646931789779,1646931789779,1646931789780,1,0,0,1,0,0,0,0,0,0,0,0,0,0,0,0,0,0,0,0,0,0,0,0,0,0,0,0,0,0,0,1646931789778,1646931789780,7549662132424166191,true
UNKNOWN,1646931789663,1646931789664,1646931789664,1646931789664,1646931789664,1646931789664,1646931789664,1646931789664,1,0,0,0,0,0,0,0,0,0,0,0,0,0,0,0,0,0,0,0,0,0,0,0,0,0,0,0,0,0,0,1646931789663,1646931789664,2742113079633202116,true
UNKNOWN,1646931790059,1646931790060,1646931790060,1646931790060,1646931790060,1646931790060,1646931790060,1646931790061,1,0,0,1,0,0,0,0,0,0,0,0,0,0,0,0,0,0,0,0,0,0,0,0,0,0,0,0,0,0,0,1646931790059,1646931790061,8040264723898124100,true
UNKNOWN,1646931789746,1646931789747,1646931789747,1646931789747,1646931789747,1646931789748,1646931789748,1646931789748,1,0,1,0,0,0,0,0,0,0,0,0,0,0,0,0,0,0,0,0,0,0,0,0,0,0,0,0,0,0,0,1646931789746,1646931789748,8603716452949378400,true
UNKNOWN,1646931789850,1646931789851,1646931789851,1646931789851,1646931789851,1646931789851,1646931789851,1646931789851,1,0,0,0,0,0,0,0,0,0,0,0,0,0,0,0,0,0,0,0,0,0,0,0,0,0,0,0,0,0,0,1646931789850,1646931789851,277194023775063744,true
UNKNOWN,1646931784488,1646931784489,1646931784489,1646931784489,1646931784489,1646931784489,1646931784489,1646931784489,1,0,0,0,0,0,0,0,0,0,0,0,0,0,0,0,0,0,0,0,0,0,0,0,0,0,0,0,0,0,0,1646931784488,1646931784489,1467026909331868954,true
UNKNOWN,1646931788810,1646931788811,1646931788811,1646931788812,1646931788812,1646931788812,1646931788812,1646931788812,1,1,0,0,0,0,0,0,0,0,0,0,0,0,0,0,0,0,0,0,0,0,0,0,0,0,0,0,0,0,0,1646931788810,1646931788812,2691765167897397719,true
UNKNOWN,1646931788807,1646931788808,1646931788808,1646931788808,1646931788808,1646931788809,1646931788809,1646931788809,1,0,1,0,0,0,0,0,0,0,0,0,0,0,0,0,0,0,0,0,0,0,0,0,0,0,0,0,0,0,0,1646931788807,1646931788809,5825990879776295445,true
UNKNOWN,1646931784530,1646931784531,1646931784531,1646931784532,1646931784532,1646931784532,1646931784532,1646931784532,1,1,0,0,0,0,0,0,0,0,0,0,0,0,0,0,0,0,0,0,0,0,0,0,0,0,0,0,0,0,0,1646931784530,1646931784532,9118960757325778585,true
UNKNOWN,1646931788722,1646931788723,1646931788723,1646931788724,1646931788724,1646931788724,1646931788724,1646931788724,1,1,0,0,0,0,0,0,0,0,0,0,0,0,0,0,0,0,0,0,0,0,0,0,0,0,0,0,0,0,0,1646931788722,1646931788724,7712106813612310933,true
UNKNOWN,1646931788724,1646931788725,1646931788725,1646931788725,1646931788725,1646931788726,1646931788726,1646931788726,1,0,1,0,0,0,0,0,0,0,0,0,0,0,0,0,0,0,0,0,0,0,0,0,0,0,0,0,0,0,0,1646931788724,1646931788726,5967238519007232216,true
UNKNOWN,1646931788757,1646931788758,1646931788758,1646931788758,1646931788758,1646931788759,1646931788759,1646931788759,1,0,1,0,0,0,0,0,0,0,0,0,0,0,0,0,0,0,0,0,0,0,0,0,0,0,0,0,0,0,0,1646931788757,1646931788759,2685165913330893229,true
UNKNOWN,1646931790041,1646931790041,1646931790041,1646931790042,1646931790042,1646931790042,1646931790042,1646931790042,0,1,0,0,0,0,0,0,0,0,0,0,0,0,0,0,0,0,0,0,0,0,0,0,0,0,0,0,0,0,0,1646931790041,1646931790042,9071042144270503709,true
UNKNOWN,1646931788768,1646931788769,1646931788769,1646931788769,1646931788769,1646931788769,1646931788769,1646931788769,1,0,0,0,0,0,0,0,0,0,0,0,0,0,0,0,0,0,0,0,0,0,0,0,0,0,0,0,0,0,0,1646931788768,1646931788769,67061585211770683,true
UNKNOWN,1646931789630,1646931789631,1646931789631,1646931789631,1646931789631,1646931789631,1646931789631,1646931789632,1,0,0,1,0,0,0,0,0,0,0,0,0,0,0,0,0,0,0,0,0,0,0,0,0,0,0,0,0,0,0,1646931789630,1646931789632,2649156437493043022,true
UNKNOWN,1646931789716,1646931789717,1646931789717,1646931789718,1646931789718,1646931789718,1646931789718,1646931789718,1,1,0,0,0,0,0,0,0,0,0,0,0,0,0,0,0,0,0,0,0,0,0,0,0,0,0,0,0,0,0,1646931789716,1646931789718,3529552520787283259,true
UNKNOWN,1646931789773,1646931789774,1646931789774,1646931789774,1646931789774,1646931789774,1646931789774,1646931789774,1,0,0,0,0,0,0,0,0,0,0,0,0,0,0,0,0,0,0,0,0,0,0,0,0,0,0,0,0,0,0,1646931789773,1646931789774,341527161253872806,true
UNKNOWN,1646931788848,1646931788849,1646931788849,1646931788849,1646931788849,1646931788849,1646931788849,1646931788849,1,0,0,0,0,0,0,0,0,0,0,0,0,0,0,0,0,0,0,0,0,0,0,0,0,0,0,0,0,0,0,1646931788848,1646931788849,2243640207748122700,true
UNKNOWN,1646931784443,1646931784444,1646931784444,1646931784444,1646931784444,1646931784444,1646931784444,1646931784445,1,0,0,1,0,0,0,0,0,0,0,0,0,0,0,0,0,0,0,0,0,0,0,0,0,0,0,0,0,0,0,1646931784443,1646931784445,5905188573076474622,true
UNKNOWN,1646931784494,1646931784495,1646931784495,1646931784495,1646931784495,1646931784496,1646931784496,1646931784496,1,0,1,0,0,0,0,0,0,0,0,0,0,0,0,0,0,0,0,0,0,0,0,0,0,0,0,0,0,0,0,1646931784494,1646931784496,5798863829250819745,true
UNKNOWN,1646931789915,1646931789916,1646931789916,1646931789916,1646931789916,1646931789916,1646931789916,1646931789916,1,0,0,0,0,0,0,0,0,0,0,0,0,0,0,0,0,0,0,0,0,0,0,0,0,0,0,0,0,0,0,1646931789915,1646931789916,5659018003062671875,true
UNKNOWN,1646931789844,1646931789845,1646931789845,1646931789845,1646931789845,1646931789845,1646931789845,1646931789846,1,0,0,1,0,0,0,0,0,0,0,0,0,0,0,0,0,0,0,0,0,0,0,0,0,0,0,0,0,0,0,1646931789844,1646931789846,4283514289676830259,true
UNKNOWN,1646931789539,1646931789540,1646931789540,1646931789540,1646931789540,1646931789540,1646931789540,1646931789541,1,0,0,1,0,0,0,0,0,0,0,0,0,0,0,0,0,0,0,0,0,0,0,0,0,0,0,0,0,0,0,1646931789539,1646931789541,4251391289860375788,true
UNKNOWN,1646931784553,1646931784554,1646931784554,1646931784555,1646931784555,1646931784555,1646931784555,1646931784555,1,1,0,0,0,0,0,0,0,0,0,0,0,0,0,0,0,0,0,0,0,0,0,0,0,0,0,0,0,0,0,1646931784553,1646931784555,2127790950191812087,true
UNKNOWN,1646931784468,1646931784469,1646931784469,1646931784469,1646931784469,1646931784469,1646931784469,1646931784469,1,0,0,0,0,0,0,0,0,0,0,0,0,0,0,0,0,0,0,0,0,0,0,0,0,0,0,0,0,0,0,1646931784468,1646931784469,3545046296129391539,true
UNKNOWN,1646931789621,1646931789622,1646931789622,1646931789622,1646931789622,1646931789622,1646931789622,1646931789622,1,0,0,0,0,0,0,0,0,0,0,0,0,0,0,0,0,0,0,0,0,0,0,0,0,0,0,0,0,0,0,1646931789621,1646931789622,2566209973380730184,true
UNKNOWN,1646931789834,1646931789835,1646931789835,1646931789835,1646931789835,1646931789835,1646931789835,1646931789835,1,0,0,0,0,0,0,0,0,0,0,0,0,0,0,0,0,0,0,0,0,0,0,0,0,0,0,0,0,0,0,1646931789834,1646931789835,4545222657121404673,true
UNKNOWN,1646931789911,1646931789912,1646931789912,1646931789913,1646931789913,1646931789913,1646931789913,1646931789913,1,1,0,0,0,0,0,0,0,0,0,0,0,0,0,0,0,0,0,0,0,0,0,0,0,0,0,0,0,0,0,1646931789911,1646931789913,5291030908967076738,true
UNKNOWN,1646931790046,1646931790047,1646931790047,1646931790047,1646931790047,1646931790047,1646931790047,1646931790047,1,0,0,0,0,0,0,0,0,0,0,0,0,0,0,0,0,0,0,0,0,0,0,0,0,0,0,0,0,0,0,1646931790046,1646931790047,5974831892246055883,true
UNKNOWN,1646931789551,1646931789552,1646931789552,1646931789552,1646931789552,1646931789552,1646931789552,1646931789552,1,0,0,0,0,0,0,0,0,0,0,0,0,0,0,0,0,0,0,0,0,0,0,0,0,0,0,0,0,0,0,1646931789551,1646931789552,9149096648539259246,true
UNKNOWN,1646931790109,1646931790110,1646931790110,1646931790110,1646931790110,1646931790111,1646931790111,1646931790111,1,0,1,0,0,0,0,0,0,0,0,0,0,0,0,0,0,0,0,0,0,0,0,0,0,0,0,0,0,0,0,1646931790109,1646931790111,2648104635130269201,true
UNKNOWN,1646931789744,1646931789745,1646931789745,1646931789745,1646931789745,1646931789745,1646931789745,1646931789745,1,0,0,0,0,0,0,0,0,0,0,0,0,0,0,0,0,0,0,0,0,0,0,0,0,0,0,0,0,0,0,1646931789744,1646931789745,6692167596346002212,true
UNKNOWN,1646931789847,1646931789848,1646931789848,1646931789848,1646931789848,1646931789848,1646931789848,1646931789848,1,0,0,0,0,0,0,0,0,0,0,0,0,0,0,0,0,0,0,0,0,0,0,0,0,0,0,0,0,0,0,1646931789847,1646931789848,8626301537005682774,true
UNKNOWN,1646931784465,1646931784465,1646931784465,1646931784466,1646931784466,1646931784466,1646931784466,1646931784466,0,1,0,0,0,0,0,0,0,0,0,0,0,0,0,0,0,0,0,0,0,0,0,0,0,0,0,0,0,0,0,1646931784464,1646931784466,20610008577294425,true
UNKNOWN,1646931784513,1646931784513,1646931784513,1646931784514,1646931784514,1646931784514,1646931784514,1646931784514,0,1,0,0,0,0,0,0,0,0,0,0,0,0,0,0,0,0,0,0,0,0,0,0,0,0,0,0,0,0,0,1646931784512,1646931784514,4919453686614870955,true
UNKNOWN,1646931789487,1646931789506,1646931789506,1646931789506,1646931789506,1646931789507,1646931789507,1646931789507,19,0,1,0,0,0,0,0,0,0,0,0,0,0,0,0,0,0,0,0,0,0,0,0,0,0,0,0,0,0,0,1646931789487,1646931789507,1714530860695635798,true
UNKNOWN,1646931784509,1646931784510,1646931784510,1646931784510,1646931784510,1646931784510,1646931784510,1646931784511,1,0,0,1,0,0,0,0,0,0,0,0,0,0,0,0,0,0,0,0,0,0,0,0,0,0,0,0,0,0,0,1646931784509,1646931784511,3014370376450983146,true
UNKNOWN,1646931788835,1646931788836,1646931788836,1646931788836,1646931788836,1646931788836,1646931788836,1646931788837,1,0,0,1,0,0,0,0,0,0,0,0,0,0,0,0,0,0,0,0,0,0,0,0,0,0,0,0,0,0,0,1646931788835,1646931788837,4224935266839840891,true
UNKNOWN,1646931784557,1646931784558,1646931784558,1646931784558,1646931784558,1646931784558,1646931784558,1646931784558,1,0,0,0,0,0,0,0,0,0,0,0,0,0,0,0,0,0,0,0,0,0,0,0,0,0,0,0,0,0,0,1646931784557,1646931784558,1886642592977407925,true
UNKNOWN,1646931784605,1646931784607,1646931784607,1646931784607,1646931784607,1646931784607,1646931784607,1646931784607,2,0,0,0,0,0,0,0,0,0,0,0,0,0,0,0,0,0,0,0,0,0,0,0,0,0,0,0,0,0,0,1646931784605,1646931784607,6196299970785332345,true
UNKNOWN,1646931789430,1646931789432,1646931789432,1646931789432,1646931789432,1646931789432,1646931789432,1646931789432,2,0,0,0,0,0,0,0,0,0,0,0,0,0,0,0,0,0,0,0,0,0,0,0,0,0,0,0,0,0,0,1646931789430,1646931789432,6866716669941729264,true
UNKNOWN,1646931788764,1646931788765,1646931788765,1646931788765,1646931788765,1646931788766,1646931788766,1646931788766,1,0,1,0,0,0,0,0,0,0,0,0,0,0,0,0,0,0,0,0,0,0,0,0,0,0,0,0,0,0,0,1646931788764,1646931788766,8619825377636729656,true
UNKNOWN,1646931789528,1646931789529,1646931789529,1646931789529,1646931789529,1646931789529,1646931789529,1646931789530,1,0,0,1,0,0,0,0,0,0,0,0,0,0,0,0,0,0,0,0,0,0,0,0,0,0,0,0,0,0,0,1646931789528,1646931789530,5687516839479167832,true
UNKNOWN,1646931789812,1646931789813,1646931789813,1646931789813,1646931789813,1646931789814,1646931789814,1646931789814,1,0,1,0,0,0,0,0,0,0,0,0,0,0,0,0,0,0,0,0,0,0,0,0,0,0,0,0,0,0,0,1646931789812,1646931789814,7911963829605516743,true
UNKNOWN,1646931789427,1646931789428,1646931789428,1646931789428,1646931789428,1646931789428,1646931789428,1646931789429,1,0,0,1,0,0,0,0,0,0,0,0,0,0,0,0,0,0,0,0,0,0,0,0,0,0,0,0,0,0,0,1646931789427,1646931789429,2669981253867880896,true
UNKNOWN,1646931789470,1646931789471,1646931789472,1646931789472,1646931789472,1646931789472,1646931789472,1646931789472,1,0,0,0,0,0,0,0,0,0,0,0,0,0,0,0,0,0,0,0,0,0,0,0,0,0,0,0,0,0,0,1646931789470,1646931789472,931885772919032120,true
UNKNOWN,1646931789784,1646931789785,1646931789785,1646931789785,1646931789785,1646931789785,1646931789785,1646931789785,1,0,0,0,0,0,0,0,0,0,0,0,0,0,0,0,0,0,0,0,0,0,0,0,0,0,0,0,0,0,0,1646931789784,1646931789785,7186673704231649302,true
UNKNOWN,1646931784543,1646931784544,1646931784544,1646931784545,1646931784545,1646931784545,1646931784545,1646931784545,1,1,0,0,0,0,0,0,0,0,0,0,0,0,0,0,0,0,0,0,0,0,0,0,0,0,0,0,0,0,0,1646931784543,1646931784545,3211223628015944589,true
UNKNOWN,1646931789467,1646931789468,1646931789468,1646931789468,1646931789468,1646931789468,1646931789468,1646931789469,1,0,0,1,0,0,0,0,0,0,0,0,0,0,0,0,0,0,0,0,0,0,0,0,0,0,0,0,0,0,0,1646931789467,1646931789469,6879065445785947305,true
UNKNOWN,1646931788813,1646931788814,1646931788814,1646931788815,1646931788815,1646931788815,1646931788815,1646931788815,1,1,0,0,0,0,0,0,0,0,0,0,0,0,0,0,0,0,0,0,0,0,0,0,0,0,0,0,0,0,0,1646931788813,1646931788815,1800742564865655590,true
UNKNOWN,1646931784570,1646931784571,1646931784571,1646931784571,1646931784571,1646931784571,1646931784571,1646931784571,1,0,0,0,0,0,0,0,0,0,0,0,0,0,0,0,0,0,0,0,0,0,0,0,0,0,0,0,0,0,0,1646931784569,1646931784571,5287550278912985467,true
UNKNOWN,1646931789519,1646931789520,1646931789520,1646931789520,1646931789520,1646931789520,1646931789520,1646931789521,1,0,0,1,0,0,0,0,0,0,0,0,0,0,0,0,0,0,0,0,0,0,0,0,0,0,0,0,0,0,0,1646931789519,1646931789521,41282675074352822,true
UNKNOWN,1646931789522,1646931789523,1646931789523,1646931789523,1646931789523,1646931789523,1646931789523,1646931789524,1,0,0,1,0,0,0,0,0,0,0,0,0,0,0,0,0,0,0,0,0,0,0,0,0,0,0,0,0,0,0,1646931789522,1646931789524,4773100037354373990,true
UNKNOWN,1646931789762,1646931789763,1646931789763,1646931789763,1646931789763,1646931789763,1646931789763,1646931789763,1,0,0,0,0,0,0,0,0,0,0,0,0,0,0,0,0,0,0,0,0,0,0,0,0,0,0,0,0,0,0,1646931789762,1646931789763,6994438626546500704,true
UNKNOWN,1646931789820,1646931789821,1646931789821,1646931789821,1646931789821,1646931789822,1646931789822,1646931789822,1,0,1,0,0,0,0,0,0,0,0,0,0,0,0,0,0,0,0,0,0,0,0,0,0,0,0,0,0,0,0,1646931789820,1646931789822,2518084337496051615,true
UNKNOWN,1646931789648,1646931789649,1646931789649,1646931789649,1646931789649,1646931789649,1646931789649,1646931789650,1,0,0,1,0,0,0,0,0,0,0,0,0,0,0,0,0,0,0,0,0,0,0,0,0,0,0,0,0,0,0,1646931789648,1646931789650,6452078393804933583,true
UNKNOWN,1646931784474,1646931784475,1646931784475,1646931784475,1646931784475,1646931784475,1646931784475,1646931784476,1,0,0,1,0,0,0,0,0,0,0,0,0,0,0,0,0,0,0,0,0,0,0,0,0,0,0,0,0,0,0,1646931784474,1646931784476,2553984505989451751,true
UNKNOWN,1646931784450,1646931784451,1646931784451,1646931784452,1646931784452,1646931784452,1646931784452,1646931784452,1,1,0,0,0,0,0,0,0,0,0,0,0,0,0,0,0,0,0,0,0,0,0,0,0,0,0,0,0,0,0,1646931784450,1646931784452,5046065421563152127,true
UNKNOWN,1646931788713,1646931788715,1646931788715,1646931788715,1646931788715,1646931788715,1646931788715,1646931788716,2,0,0,1,0,0,0,0,0,0,0,0,0,0,0,0,0,0,0,0,0,0,0,0,0,0,0,0,0,0,0,1646931788713,1646931788716,5696056435728075034,true
UNKNOWN,1646931788716,1646931788718,1646931788718,1646931788718,1646931788718,1646931788718,1646931788718,1646931788718,2,0,0,0,0,0,0,0,0,0,0,0,0,0,0,0,0,0,0,0,0,0,0,0,0,0,0,0,0,0,0,1646931788716,1646931788718,4067338654352033262,true
UNKNOWN,1646931789665,1646931789666,1646931789666,1646931789667,1646931789667,1646931789667,1646931789667,1646931789705,1,1,0,38,0,0,0,0,0,0,0,0,0,0,0,0,0,0,0,0,0,0,0,0,0,0,0,0,0,0,0,1646931789665,1646931789705,8786185136015691266,true
UNKNOWN,1646931789818,1646931789819,1646931789819,1646931789819,1646931789819,1646931789819,1646931789819,1646931789819,1,0,0,0,0,0,0,0,0,0,0,0,0,0,0,0,0,0,0,0,0,0,0,0,0,0,0,0,0,0,0,1646931789818,1646931789819,4011125774498352651,true
UNKNOWN,1646931784560,1646931784561,1646931784561,1646931784561,1646931784561,1646931784561,1646931784561,1646931784562,1,0,0,1,0,0,0,0,0,0,0,0,0,0,0,0,0,0,0,0,0,0,0,0,0,0,0,0,0,0,0,1646931784560,1646931784562,3658933845759248723,true
UNKNOWN,1646931784573,1646931784574,1646931784574,1646931784574,1646931784574,1646931784575,1646931784575,1646931784575,1,0,1,0,0,0,0,0,0,0,0,0,0,0,0,0,0,0,0,0,0,0,0,0,0,0,0,0,0,0,0,1646931784573,1646931784575,5968866272156798497,true
UNKNOWN,1646931789420,1646931789421,1646931789421,1646931789421,1646931789421,1646931789421,1646931789421,1646931789422,1,0,0,1,0,0,0,0,0,0,0,0,0,0,0,0,0,0,0,0,0,0,0,0,0,0,0,0,0,0,0,1646931789420,1646931789422,5246912227977940092,true
UNKNOWN,1646931790056,1646931790057,1646931790057,1646931790058,1646931790058,1646931790058,1646931790058,1646931790058,1,1,0,0,0,0,0,0,0,0,0,0,0,0,0,0,0,0,0,0,0,0,0,0,0,0,0,0,0,0,0,1646931790056,1646931790058,6993902332714894951,true
UNKNOWN,1646931789859,1646931789860,1646931789860,1646931789860,1646931789860,1646931789860,1646931789860,1646931789861,1,0,0,1,0,0,0,0,0,0,0,0,0,0,0,0,0,0,0,0,0,0,0,0,0,0,0,0,0,0,0,1646931789859,1646931789861,7824414415531690070,true
UNKNOWN,1646931789440,1646931789441,1646931789441,1646931789441,1646931789441,1646931789441,1646931789441,1646931789442,1,0,0,1,0,0,0,0,0,0,0,0,0,0,0,0,0,0,0,0,0,0,0,0,0,0,0,0,0,0,0,1646931789440,1646931789442,7097425789122003170,true
UNKNOWN,1646931788773,1646931788774,1646931788774,1646931788775,1646931788775,1646931788775,1646931788775,1646931788775,1,1,0,0,0,0,0,0,0,0,0,0,0,0,0,0,0,0,0,0,0,0,0,0,0,0,0,0,0,0,0,1646931788773,1646931788775,1691873456999515518,true
UNKNOWN,1646931788782,1646931788783,1646931788783,1646931788783,1646931788783,1646931788805,1646931788805,1646931788806,1,0,22,1,0,0,0,0,0,0,0,0,0,0,0,0,0,0,0,0,0,0,0,0,0,0,0,0,0,0,0,1646931788782,1646931788806,3751694363491520204,true
UNKNOWN,1646931789389,1646931789390,1646931789390,1646931789390,1646931789390,1646931789390,1646931789390,1646931789391,1,0,0,1,0,0,0,0,0,0,0,0,0,0,0,0,0,0,0,0,0,0,0,0,0,0,0,0,0,0,0,1646931789389,1646931789391,7021160568247961368,true
UNKNOWN,1646931789722,1646931789723,1646931789723,1646931789723,1646931789723,1646931789723,1646931789723,1646931789723,1,0,0,0,0,0,0,0,0,0,0,0,0,0,0,0,0,0,0,0,0,0,0,0,0,0,0,0,0,0,0,1646931789722,1646931789723,4621558375936706012,true
UNKNOWN,1646931784609,1646931784610,1646931784610,1646931784610,1646931784610,1646931784611,1646931784611,1646931784611,1,0,1,0,0,0,0,0,0,0,0,0,0,0,0,0,0,0,0,0,0,0,0,0,0,0,0,0,0,0,0,1646931784609,1646931784611,468073747534597317,true
UNKNOWN,1646931789639,1646931789640,1646931789640,1646931789640,1646931789640,1646931789640,1646931789640,1646931789641,1,0,0,1,0,0,0,0,0,0,0,0,0,0,0,0,0,0,0,0,0,0,0,0,0,0,0,0,0,0,0,1646931789639,1646931789641,6884430715544749994,true
UNKNOWN,1646931788838,1646931788839,1646931788839,1646931788839,1646931788839,1646931788840,1646931788840,1646931788840,1,0,1,0,0,0,0,0,0,0,0,0,0,0,0,0,0,0,0,0,0,0,0,0,0,0,0,0,0,0,0,1646931788838,1646931788840,3454939168847711615,true
UNKNOWN,1646931784612,1646931784613,1646931784613,1646931784614,1646931784614,1646931784614,1646931784614,1646931784614,1,1,0,0,0,0,0,0,0,0,0,0,0,0,0,0,0,0,0,0,0,0,0,0,0,0,0,0,0,0,0,1646931784612,1646931784614,7698943327245385893,true
UNKNOWN,1646931789509,1646931789510,1646931789510,1646931789510,1646931789510,1646931789511,1646931789511,1646931789511,1,0,1,0,0,0,0,0,0,0,0,0,0,0,0,0,0,0,0,0,0,0,0,0,0,0,0,0,0,0,0,1646931789509,1646931789511,7997753852837841065,true
UNKNOWN,1646931788816,1646931788817,1646931788817,1646931788818,1646931788818,1646931788818,1646931788818,1646931788818,1,1,0,0,0,0,0,0,0,0,0,0,0,0,0,0,0,0,0,0,0,0,0,0,0,0,0,0,0,0,0,1646931788816,1646931788818,6920308164086877655,true
UNKNOWN,1646931789918,1646931789919,1646931789919,1646931789919,1646931789919,1646931789919,1646931789919,1646931789919,1,0,0,0,0,0,0,0,0,0,0,0,0,0,0,0,0,0,0,0,0,0,0,0,0,0,0,0,0,0,0,1646931789918,1646931789919,8769195335736970492,true
UNKNOWN,1646931789401,1646931789402,1646931789402,1646931789402,1646931789402,1646931789402,1646931789402,1646931789403,1,0,0,1,0,0,0,0,0,0,0,0,0,0,0,0,0,0,0,0,0,0,0,0,0,0,0,0,0,0,0,1646931789401,1646931789403,680039122634753624,true
UNKNOWN,1646931790020,1646931790021,1646931790021,1646931790021,1646931790021,1646931790021,1646931790021,1646931790021,1,0,0,0,0,0,0,0,0,0,0,0,0,0,0,0,0,0,0,0,0,0,0,0,0,0,0,0,0,0,0,1646931790020,1646931790021,1455989345113686035,true
UNKNOWN,1646931789381,1646931789383,1646931789383,1646931789383,1646931789383,1646931789383,1646931789383,1646931789384,2,0,0,1,0,0,0,0,0,0,0,0,0,0,0,0,0,0,0,0,0,0,0,0,0,0,0,0,0,0,0,1646931789381,1646931789384,486571010888453887,true
UNKNOWN,1646931789516,1646931789517,1646931789517,1646931789517,1646931789517,1646931789517,1646931789517,1646931789518,1,0,0,1,0,0,0,0,0,0,0,0,0,0,0,0,0,0,0,0,0,0,0,0,0,0,0,0,0,0,0,1646931789516,1646931789518,5816934927081621310,true
UNKNOWN,1646931789815,1646931789816,1646931789816,1646931789816,1646931789816,1646931789816,1646931789816,1646931789817,1,0,0,1,0,0,0,0,0,0,0,0,0,0,0,0,0,0,0,0,0,0,0,0,0,0,0,0,0,0,0,1646931789815,1646931789817,6320427714750990192,true
UNKNOWN,1646931789474,1646931789476,1646931789476,1646931789476,1646931789476,1646931789476,1646931789476,1646931789477,2,0,0,1,0,0,0,0,0,0,0,0,0,0,0,0,0,0,0,0,0,0,0,0,0,0,0,0,0,0,0,1646931789474,1646931789477,5831630519168289291,true
UNKNOWN,1646931789633,1646931789634,1646931789634,1646931789634,1646931789634,1646931789634,1646931789634,1646931789635,1,0,0,1,0,0,0,0,0,0,0,0,0,0,0,0,0,0,0,0,0,0,0,0,0,0,0,0,0,0,0,1646931789633,1646931789635,6534640184100736752,true
UNKNOWN,1646931789654,1646931789656,1646931789656,1646931789656,1646931789656,1646931789656,1646931789656,1646931789656,2,0,0,0,0,0,0,0,0,0,0,0,0,0,0,0,0,0,0,0,0,0,0,0,0,0,0,0,0,0,0,1646931789654,1646931789656,2106899314263343970,true
UNKNOWN,1646931789831,1646931789832,1646931789832,1646931789832,1646931789832,1646931789832,1646931789832,1646931789833,1,0,0,1,0,0,0,0,0,0,0,0,0,0,0,0,0,0,0,0,0,0,0,0,0,0,0,0,0,0,0,1646931789831,1646931789833,2189668076544870945,true
UNKNOWN,1646931789660,1646931789661,1646931789661,1646931789661,1646931789661,1646931789661,1646931789661,1646931789662,1,0,0,1,0,0,0,0,0,0,0,0,0,0,0,0,0,0,0,0,0,0,0,0,0,0,0,0,0,0,0,1646931789660,1646931789662,1362217791671386451,true
UNKNOWN,1646931789554,1646931789554,1646931789554,1646931789555,1646931789555,1646931789555,1646931789555,1646931789555,0,1,0,0,0,0,0,0,0,0,0,0,0,0,0,0,0,0,0,0,0,0,0,0,0,0,0,0,0,0,0,1646931789554,1646931789555,5199736301905988134,true
UNKNOWN,1646931789759,1646931789760,1646931789760,1646931789760,1646931789760,1646931789761,1646931789761,1646931789761,1,0,1,0,0,0,0,0,0,0,0,0,0,0,0,0,0,0,0,0,0,0,0,0,0,0,0,0,0,0,0,1646931789759,1646931789761,8633790871694102233,true
UNKNOWN,1646931789636,1646931789637,1646931789637,1646931789637,1646931789637,1646931789637,1646931789637,1646931789638,1,0,0,1,0,0,0,0,0,0,0,0,0,0,0,0,0,0,0,0,0,0,0,0,0,0,0,0,0,0,0,1646931789636,1646931789638,991011041728939496,true
UNKNOWN,1646931790073,1646931790073,1646931790073,1646931790074,1646931790074,1646931790074,1646931790074,1646931790074,0,1,0,0,0,0,0,0,0,0,0,0,0,0,0,0,0,0,0,0,0,0,0,0,0,0,0,0,0,0,0,1646931790073,1646931790074,7954269283612313087,true
UNKNOWN,1646931789434,1646931789435,1646931789435,1646931789435,1646931789435,1646931789435,1646931789435,1646931789436,1,0,0,1,0,0,0,0,0,0,0,0,0,0,0,0,0,0,0,0,0,0,0,0,0,0,0,0,0,0,0,1646931789434,1646931789436,5688080898664449718,true
UNKNOWN,1646931789933,1646931789934,1646931789934,1646931789934,1646931789934,1646931789934,1646931789934,1646931789934,1,0,0,0,0,0,0,0,0,0,0,0,0,0,0,0,0,0,0,0,0,0,0,0,0,0,0,0,0,0,0,1646931789933,1646931789934,6139825092035363599,true
UNKNOWN,1646931789609,1646931789611,1646931789611,1646931789611,1646931789611,1646931789611,1646931789611,1646931789612,2,0,0,1,0,0,0,0,0,0,0,0,0,0,0,0,0,0,0,0,0,0,0,0,0,0,0,0,0,0,0,1646931789609,1646931789612,7263222114005435562,true
UNKNOWN,1646931788771,1646931788771,1646931788771,1646931788772,1646931788772,1646931788772,1646931788772,1646931788772,0,1,0,0,0,0,0,0,0,0,0,0,0,0,0,0,0,0,0,0,0,0,0,0,0,0,0,0,0,0,0,1646931788771,1646931788772,4625569691531886920,true
UNKNOWN,1646931789907,1646931789909,1646931789909,1646931789909,1646931789909,1646931789909,1646931789909,1646931789910,2,0,0,1,0,0,0,0,0,0,0,0,0,0,0,0,0,0,0,0,0,0,0,0,0,0,0,0,0,0,0,1646931789907,1646931789910,976797928614480142,true
UNKNOWN,1646931789710,1646931789711,1646931789711,1646931789711,1646931789711,1646931789711,1646931789711,1646931789712,1,0,0,1,0,0,0,0,0,0,0,0,0,0,0,0,0,0,0,0,0,0,0,0,0,0,0,0,0,0,0,1646931789710,1646931789712,3614740716860034263,true
UNKNOWN,1646931784481,1646931784482,1646931784482,1646931784482,1646931784482,1646931784482,1646931784482,1646931784483,1,0,0,1,0,0,0,0,0,0,0,0,0,0,0,0,0,0,0,0,0,0,0,0,0,0,0,0,0,0,0,1646931784481,1646931784483,3712545949775711069,true
UNKNOWN,1646931789613,1646931789614,1646931789615,1646931789615,1646931789615,1646931789615,1646931789615,1646931789616,1,0,0,1,0,0,0,0,0,0,0,0,0,0,0,0,0,0,0,0,0,0,0,0,0,0,0,0,0,0,0,1646931789613,1646931789616,6096236397614941122,true
UNKNOWN,1646931789542,1646931789543,1646931789543,1646931789543,1646931789543,1646931789543,1646931789543,1646931789544,1,0,0,1,0,0,0,0,0,0,0,0,0,0,0,0,0,0,0,0,0,0,0,0,0,0,0,0,0,0,0,1646931789542,1646931789544,7198388355393212068,true
UNKNOWN,1646931789531,1646931789532,1646931789532,1646931789532,1646931789532,1646931789532,1646931789532,1646931789532,1,0,0,0,0,0,0,0,0,0,0,0,0,0,0,0,0,0,0,0,0,0,0,0,0,0,0,0,0,0,0,1646931789531,1646931789532,7141840422676219495,true
UNKNOWN,1646931789548,1646931789549,1646931789549,1646931789549,1646931789549,1646931789549,1646931789549,1646931789549,1,0,0,0,0,0,0,0,0,0,0,0,0,0,0,0,0,0,0,0,0,0,0,0,0,0,0,0,0,0,0,1646931789548,1646931789549,4301567254568389693,true
UNKNOWN,1646931784537,1646931784538,1646931784538,1646931784538,1646931784538,1646931784538,1646931784538,1646931784539,1,0,0,1,0,0,0,0,0,0,0,0,0,0,0,0,0,0,0,0,0,0,0,0,0,0,0,0,0,0,0,1646931784537,1646931784539,6912110356826768000,true
UNKNOWN,1646931789408,1646931789409,1646931789409,1646931789409,1646931789409,1646931789409,1646931789409,1646931789409,1,0,0,0,0,0,0,0,0,0,0,0,0,0,0,0,0,0,0,0,0,0,0,0,0,0,0,0,0,0,0,1646931789408,1646931789409,1699811791767552765,true
UNKNOWN,1646931789627,1646931789628,1646931789628,1646931789628,1646931789628,1646931789628,1646931789628,1646931789629,1,0,0,1,0,0,0,0,0,0,0,0,0,0,0,0,0,0,0,0,0,0,0,0,0,0,0,0,0,0,0,1646931789627,1646931789629,3183582725744903870,true
UNKNOWN,1646931790017,1646931790018,1646931790018,1646931790018,1646931790018,1646931790019,1646931790019,1646931790019,1,0,1,0,0,0,0,0,0,0,0,0,0,0,0,0,0,0,0,0,0,0,0,0,0,0,0,0,0,0,0,1646931790017,1646931790019,7705304430626032085,true
UNKNOWN,1646931789727,1646931789728,1646931789728,1646931789728,1646931789728,1646931789728,1646931789728,1646931789729,1,0,0,1,0,0,0,0,0,0,0,0,0,0,0,0,0,0,0,0,0,0,0,0,0,0,0,0,0,0,0,1646931789727,1646931789729,5889337153209715325,true
UNKNOWN,1646931784461,1646931784462,1646931784462,1646931784462,1646931784462,1646931784463,1646931784463,1646931784463,1,0,1,0,0,0,0,0,0,0,0,0,0,0,0,0,0,0,0,0,0,0,0,0,0,0,0,0,0,0,0,1646931784461,1646931784463,7835794081929118554,true
UNKNOWN,1646931788777,1646931788777,1646931788777,1646931788778,1646931788778,1646931788778,1646931788778,1646931788778,0,1,0,0,0,0,0,0,0,0,0,0,0,0,0,0,0,0,0,0,0,0,0,0,0,0,0,0,0,0,0,1646931788776,1646931788778,5367000185925421687,true
UNKNOWN,1646931790015,1646931790016,1646931790016,1646931790016,1646931790016,1646931790016,1646931790016,1646931790016,1,0,0,0,0,0,0,0,0,0,0,0,0,0,0,0,0,0,0,0,0,0,0,0,0,0,0,0,0,0,0,1646931790015,1646931790016,7631848192601311739,true
UNKNOWN,1646931789855,1646931789857,1646931789857,1646931789857,1646931789857,1646931789857,1646931789857,1646931789857,2,0,0,0,0,0,0,0,0,0,0,0,0,0,0,0,0,0,0,0,0,0,0,0,0,0,0,0,0,0,0,1646931789855,1646931789857,2384358409214316409,true
UNKNOWN,1646931790028,1646931790028,1646931790029,1646931790029,1646931790029,1646931790029,1646931790029,1646931790029,0,0,0,0,0,0,0,0,0,0,0,0,0,0,0,0,0,0,0,0,0,0,0,0,0,0,0,0,0,0,0,1646931790027,1646931790029,4822950353401693204,true
UNKNOWN,1646931789557,1646931789558,1646931789558,1646931789558,1646931789558,1646931789558,1646931789558,1646931789558,1,0,0,0,0,0,0,0,0,0,0,0,0,0,0,0,0,0,0,0,0,0,0,0,0,0,0,0,0,0,0,1646931789556,1646931789558,5340184175190622337,true
UNKNOWN,1646931784527,1646931784528,1646931784528,1646931784528,1646931784528,1646931784528,1646931784528,1646931784529,1,0,0,1,0,0,0,0,0,0,0,0,0,0,0,0,0,0,0,0,0,0,0,0,0,0,0,0,0,0,0,1646931784527,1646931784529,4597459654166003881,true
UNKNOWN,1646931789449,1646931789450,1646931789450,1646931789450,1646931789450,1646931789450,1646931789450,1646931789451,1,0,0,1,0,0,0,0,0,0,0,0,0,0,0,0,0,0,0,0,0,0,0,0,0,0,0,0,0,0,0,1646931789449,1646931789451,8504377814397963370,true
UNKNOWN,1646931789738,1646931789739,1646931789739,1646931789740,1646931789740,1646931789740,1646931789740,1646931789740,1,1,0,0,0,0,0,0,0,0,0,0,0,0,0,0,0,0,0,0,0,0,0,0,0,0,0,0,0,0,0,1646931789738,1646931789740,1311332336834856967,true
UNKNOWN,1646931789852,1646931789854,1646931789854,1646931789854,1646931789854,1646931789854,1646931789854,1646931789854,2,0,0,0,0,0,0,0,0,0,0,0,0,0,0,0,0,0,0,0,0,0,0,0,0,0,0,0,0,0,0,1646931789852,1646931789854,4517648660709787829,true
UNKNOWN,1646931790009,1646931790010,1646931790010,1646931790010,1646931790010,1646931790011,1646931790011,1646931790011,1,0,1,0,0,0,0,0,0,0,0,0,0,0,0,0,0,0,0,0,0,0,0,0,0,0,0,0,0,0,0,1646931790009,1646931790011,1903612453586288687,true
UNKNOWN,1646931789935,1646931789936,1646931789936,1646931789936,1646931789936,1646931789937,1646931789937,1646931789937,1,0,1,0,0,0,0,0,0,0,0,0,0,0,0,0,0,0,0,0,0,0,0,0,0,0,0,0,0,0,0,1646931789935,1646931789937,391711408318269632,true
UNKNOWN,1646931789545,1646931789546,1646931789546,1646931789546,1646931789546,1646931789546,1646931789546,1646931789547,1,0,0,1,0,0,0,0,0,0,0,0,0,0,0,0,0,0,0,0,0,0,0,0,0,0,0,0,0,0,0,1646931789545,1646931789547,8540179096159799120,true
UNKNOWN,1646931789719,1646931789720,1646931789720,1646931789720,1646931789720,1646931789720,1646931789720,1646931789721,1,0,0,1,0,0,0,0,0,0,0,0,0,0,0,0,0,0,0,0,0,0,0,0,0,0,0,0,0,0,0,1646931789719,1646931789721,6115671264913607911,true
UNKNOWN,1646931788754,1646931788755,1646931788755,1646931788755,1646931788755,1646931788755,1646931788755,1646931788755,1,0,0,0,0,0,0,0,0,0,0,0,0,0,0,0,0,0,0,0,0,0,0,0,0,0,0,0,0,0,0,1646931788754,1646931788755,1207757584433365865,true
UNKNOWN,1646931790112,1646931790113,1646931790113,1646931790113,1646931790113,1646931790113,1646931790113,1646931790113,1,0,0,0,0,0,0,0,0,0,0,0,0,0,0,0,0,0,0,0,0,0,0,0,0,0,0,0,0,0,0,1646931790112,1646931790113,582954872627284946,true
UNKNOWN,1646931788832,1646931788833,1646931788833,1646931788833,1646931788833,1646931788833,1646931788833,1646931788834,1,0,0,1,0,0,0,0,0,0,0,0,0,0,0,0,0,0,0,0,0,0,0,0,0,0,0,0,0,0,0,1646931788832,1646931788834,3349944269744917155,true
UNKNOWN,1646931790070,1646931790071,1646931790071,1646931790071,1646931790071,1646931790071,1646931790071,1646931790072,1,0,0,1,0,0,0,0,0,0,0,0,0,0,0,0,0,0,0,0,0,0,0,0,0,0,0,0,0,0,0,1646931790070,1646931790072,7599448196278535064,true
UNKNOWN,1646931789443,1646931789444,1646931789444,1646931789444,1646931789444,1646931789444,1646931789444,1646931789445,1,0,0,1,0,0,0,0,0,0,0,0,0,0,0,0,0,0,0,0,0,0,0,0,0,0,0,0,0,0,0,1646931789443,1646931789445,5630777922839267592,true
UNKNOWN,1646931789733,1646931789733,1646931789733,1646931789734,1646931789734,1646931789734,1646931789734,1646931789734,0,1,0,0,0,0,0,0,0,0,0,0,0,0,0,0,0,0,0,0,0,0,0,0,0,0,0,0,0,0,0,1646931789733,1646931789734,3363391435848763133,true
UNKNOWN,1646931784491,1646931784492,1646931784492,1646931784492,1646931784492,1646931784492,1646931784492,1646931784493,1,0,0,1,0,0,0,0,0,0,0,0,0,0,0,0,0,0,0,0,0,0,0,0,0,0,0,0,0,0,0,1646931784491,1646931784493,3562087064569794217,true
UNKNOWN,1646931789452,1646931789453,1646931789453,1646931789453,1646931789453,1646931789453,1646931789453,1646931789454,1,0,0,1,0,0,0,0,0,0,0,0,0,0,0,0,0,0,0,0,0,0,0,0,0,0,0,0,0,0,0,1646931789452,1646931789454,3472346764778358845,true
UNKNOWN,1646931789741,1646931789742,1646931789742,1646931789742,1646931789742,1646931789742,1646931789742,1646931789743,1,0,0,1,0,0,0,0,0,0,0,0,0,0,0,0,0,0,0,0,0,0,0,0,0,0,0,0,0,0,0,1646931789741,1646931789743,7990017539310898972,true
UNKNOWN,1646931790012,1646931790013,1646931790013,1646931790013,1646931790013,1646931790013,1646931790013,1646931790014,1,0,0,1,0,0,0,0,0,0,0,0,0,0,0,0,0,0,0,0,0,0,0,0,0,0,0,0,0,0,0,1646931790012,1646931790014,3537627459828860344,true
UNKNOWN,1646931784623,1646931784624,1646931784624,1646931784624,1646931784624,1646931784624,1646931784624,1646931784625,1,0,0,1,0,0,0,0,0,0,0,0,0,0,0,0,0,0,0,0,0,0,0,0,0,0,0,0,0,0,0,1646931784623,1646931784625,5068415362643149328,true
UNKNOWN,1646931784516,1646931784517,1646931784517,1646931784517,1646931784517,1646931784518,1646931784518,1646931784518,1,0,1,0,0,0,0,0,0,0,0,0,0,0,0,0,0,0,0,0,0,0,0,0,0,0,0,0,0,0,0,1646931784516,1646931784518,2948335892371099213,true
UNKNOWN,1646931789395,1646931789396,1646931789396,1646931789396,1646931789396,1646931789396,1646931789397,1646931789397,1,0,0,0,0,0,0,0,0,0,0,0,0,0,0,0,0,0,0,0,0,0,0,0,0,0,0,0,0,0,0,1646931789395,1646931789397,3999625262009828638,true
UNKNOWN,1646931784501,1646931784502,1646931784502,1646931784503,1646931784503,1646931784503,1646931784503,1646931784503,1,1,0,0,0,0,0,0,0,0,0,0,0,0,0,0,0,0,0,0,0,0,0,0,0,0,0,0,0,0,0,1646931784501,1646931784503,588830492412824613,true
UNKNOWN,1646931784505,1646931784506,1646931784506,1646931784506,1646931784506,1646931784506,1646931784506,1646931784507,1,0,0,1,0,0,0,0,0,0,0,0,0,0,0,0,0,0,0,0,0,0,0,0,0,0,0,0,0,0,0,1646931784505,1646931784507,7697027818286170166,true
UNKNOWN,1646931790035,1646931790036,1646931790036,1646931790037,1646931790037,1646931790037,1646931790037,1646931790037,1,1,0,0,0,0,0,0,0,0,0,0,0,0,0,0,0,0,0,0,0,0,0,0,0,0,0,0,0,0,0,1646931790035,1646931790037,3733671787112120791,true
UNKNOWN,1646931790038,1646931790039,1646931790039,1646931790039,1646931790039,1646931790039,1646931790039,1646931790040,1,0,0,1,0,0,0,0,0,0,0,0,0,0,0,0,0,0,0,0,0,0,0,0,0,0,0,0,0,0,0,1646931790038,1646931790040,2377548655605599383,true
UNKNOWN,1646931784520,1646931784521,1646931784521,1646931784521,1646931784521,1646931784521,1646931784521,1646931784521,1,0,0,0,0,0,0,0,0,0,0,0,0,0,0,0,0,0,0,0,0,0,0,0,0,0,0,0,0,0,0,1646931784520,1646931784521,606954676337790914,true
UNKNOWN,1646931789657,1646931789658,1646931789658,1646931789658,1646931789658,1646931789659,1646931789659,1646931789659,1,0,1,0,0,0,0,0,0,0,0,0,0,0,0,0,0,0,0,0,0,0,0,0,0,0,0,0,0,0,0,1646931789657,1646931789659,8993835610164642548,true
UNKNOWN,1646931789951,1646931789952,1646931789952,1646931789952,1646931789952,1646931789952,1646931789952,1646931789953,1,0,0,1,0,0,0,0,0,0,0,0,0,0,0,0,0,0,0,0,0,0,0,0,0,0,0,0,0,0,0,1646931789951,1646931789953,3676613771677614218,true
UNKNOWN,1646931790054,1646931790055,1646931790055,1646931790055,1646931790055,1646931790055,1646931790055,1646931790055,1,0,0,0,0,0,0,0,0,0,0,0,0,0,0,0,0,0,0,0,0,0,0,0,0,0,0,0,0,0,0,1646931790054,1646931790055,3380791354850100243,true
UNKNOWN,1646931784566,1646931784567,1646931784567,1646931784567,1646931784567,1646931784568,1646931784568,1646931784568,1,0,1,0,0,0,0,0,0,0,0,0,0,0,0,0,0,0,0,0,0,0,0,0,0,0,0,0,0,0,0,1646931784566,1646931784568,4325272250708608643,true
UNKNOWN,1646931789437,1646931789438,1646931789438,1646931789438,1646931789438,1646931789438,1646931789438,1646931789439,1,0,0,1,0,0,0,0,0,0,0,0,0,0,0,0,0,0,0,0,0,0,0,0,0,0,0,0,0,0,0,1646931789437,1646931789439,1842935341778356154,true
UNKNOWN,1646931784410,1646931784411,1646931784411,1646931784411,1646931784411,1646931784412,1646931784412,1646931784412,1,0,1,0,0,0,0,0,0,0,0,0,0,0,0,0,0,0,0,0,0,0,0,0,0,0,0,0,0,0,0,1646931784410,1646931784412,2990186618796196273,true
UNKNOWN,1646931784407,1646931784409,1646931784409,1646931784409,1646931784409,1646931784409,1646931784409,1646931784410,2,0,0,1,0,0,0,0,0,0,0,0,0,0,0,0,0,0,0,0,0,0,0,0,0,0,0,0,0,0,0,1646931784407,1646931784410,3598523353890373969,true
UNKNOWN,1646931789754,1646931789755,1646931789755,1646931789755,1646931789755,1646931789755,1646931789755,1646931789756,1,0,0,1,0,0,0,0,0,0,0,0,0,0,0,0,0,0,0,0,0,0,0,0,0,0,0,0,0,0,0,1646931789754,1646931789756,9044265189912496376,true
UNKNOWN,1646931784458,1646931784459,1646931784459,1646931784459,1646931784459,1646931784460,1646931784460,1646931784460,1,0,1,0,0,0,0,0,0,0,0,0,0,0,0,0,0,0,0,0,0,0,0,0,0,0,0,0,0,0,0,1646931784458,1646931784460,6379708190157130491,true
UNKNOWN,1646931790075,1646931790076,1646931790076,1646931790076,1646931790076,1646931790076,1646931790076,1646931790077,1,0,0,1,0,0,0,0,0,0,0,0,0,0,0,0,0,0,0,0,0,0,0,0,0,0,0,0,0,0,0,1646931790075,1646931790077,7464664703726797029,true
UNKNOWN,1646931789560,1646931789561,1646931789561,1646931789561,1646931789561,1646931789561,1646931789561,1646931789562,1,0,0,1,0,0,0,0,0,0,0,0,0,0,0,0,0,0,0,0,0,0,0,0,0,0,0,0,0,0,0,1646931789560,1646931789562,7930584071415874123,true
UNKNOWN,1646931789536,1646931789537,1646931789537,1646931789538,1646931789538,1646931789538,1646931789538,1646931789538,1,1,0,0,0,0,0,0,0,0,0,0,0,0,0,0,0,0,0,0,0,0,0,0,0,0,0,0,0,0,0,1646931789536,1646931789538,5499883369976319232,true
UNKNOWN,1646931789417,1646931789418,1646931789418,1646931789418,1646931789418,1646931789418,1646931789418,1646931789418,1,0,0,0,0,0,0,0,0,0,0,0,0,0,0,0,0,0,0,0,0,0,0,0,0,0,0,0,0,0,0,1646931789417,1646931789418,2266447874848147864,true
UNKNOWN,1646931784477,1646931784478,1646931784478,1646931784479,1646931784479,1646931784479,1646931784479,1646931784479,1,1,0,0,0,0,0,0,0,0,0,0,0,0,0,0,0,0,0,0,0,0,0,0,0,0,0,0,0,0,0,1646931784477,1646931784479,4290540029116501042,true
